{"loss": [2.9974708557128906, 1.9219796657562256, 1.126432180404663, 0.6774598360061646, 0.5011022686958313, 0.38792896270751953, 0.2558591365814209, 0.24717947840690613, 0.18921686708927155, 0.0820954293012619, 0.10978806763887405, 0.08547276258468628, 0.08609170466661453, 0.07009636610746384, 0.08878859877586365, 0.06769762188196182, 0.0918714851140976, 0.06776583194732666, 0.027979960665106773, 0.03218185901641846, 0.027839133515954018, 0.030068956315517426, 0.032662902027368546, 0.03649495169520378, 0.027773352339863777, 0.04829072952270508, 0.07852629572153091, 0.037417370826005936, 0.022292228415608406, 0.024362988770008087, 0.044382210820913315, 0.028515810146927834, 0.06601986289024353], "accuracy": [0.21414537727832794, 0.45972496271133423, 0.6974459886550903, 0.8094302415847778, 0.8703339695930481, 0.8919450044631958, 0.9292730689048767, 0.9312376976013184, 0.9528487324714661, 0.9705304503440857, 0.9607072472572327, 0.974459707736969, 0.9783890247344971, 0.984282910823822, 0.974459707736969, 0.9823182821273804, 0.9803536534309387, 0.9882121682167053, 0.994106113910675, 0.9882121682167053, 0.994106113910675, 0.9921414256095886, 0.9862475395202637, 0.9882121682167053, 0.9921414256095886, 0.990176796913147, 0.9764243364334106, 0.9921414256095886, 0.994106113910675, 0.9921414256095886, 0.990176796913147, 0.9921414256095886, 0.9882121682167053], "val_loss": [2.5974767208099365, 1.4896657466888428, 1.0917476415634155, 1.1034611463546753, 0.7762442231178284, 0.49339166283607483, 0.5412645936012268, 0.5863602161407471, 0.6428029537200928, 0.3657819926738739, 0.39822229743003845, 0.5167374014854431, 0.36052408814430237, 1.0080866813659668, 0.6660730838775635, 0.573962390422821, 0.4197884798049927, 0.35700365900993347, 0.6039981842041016, 0.4323473274707794, 0.4422306716442108, 0.39600899815559387, 0.40906208753585815, 0.389519065618515, 0.6448182463645935, 0.8219460844993591, 0.9683911800384521, 1.1542302370071411, 1.1114327907562256, 1.1393295526504517, 0.8114060759544373, 0.8729909062385559, 0.9943978786468506], "val_accuracy": [0.37931033968925476, 0.6206896305084229, 0.7241379022598267, 0.7931034564971924, 0.8275862336158752, 0.8275862336158752, 0.8275862336158752, 0.8620689511299133, 0.8275862336158752, 0.8965517282485962, 0.8620689511299133, 0.8275862336158752, 0.8965517282485962, 0.7931034564971924, 0.8275862336158752, 0.8620689511299133, 0.8620689511299133, 0.8620689511299133, 0.8275862336158752, 0.8620689511299133, 0.8965517282485962, 0.8965517282485962, 0.8620689511299133, 0.8620689511299133, 0.8275862336158752, 0.8275862336158752, 0.8275862336158752, 0.8275862336158752, 0.8275862336158752, 0.8275862336158752, 0.8275862336158752, 0.8275862336158752, 0.8275862336158752]}